id,first_name,last_name,email,gender,ip_address,ip_version
1,Conn,Edelston,cedelston0@bigcartel.com,Male,250.126.75.246,0.6.0
2,Stuart,Cowdery,scowdery1@dell.com,Male,213.161.34.91,6.25
3,Eveleen,Tabb,etabb2@archive.org,Female,81.243.86.173,7.1
4,Tab,Jeff,tjeff3@posterous.com,Male,136.28.88.70,7.4
5,Frederic,Ridges,fridges4@diigo.com,Male,182.235.200.76,0.6.8
6,Stephi,Ellor,sellor5@yahoo.com,Female,44.65.71.66,5.95
7,Deidre,Lavalle,dlavalle6@yahoo.com,Female,206.17.147.227,7.4.8
8,Matilde,Beckhouse,mbeckhouse7@paypal.com,Female,203.134.77.254,4.26
9,Delila,Donaho,ddonaho8@discovery.com,Female,203.56.226.222,6.26
10,Erika,deKnevet,edeknevet9@prweb.com,Female,182.194.69.222,8.4
11,Halli,Cumberlidge,hcumberlidgea@home.pl,Female,70.98.158.163,0.6.1
12,Onofredo,Eshmade,oeshmadeb@t-online.de,Male,212.222.56.42,0.6.3
13,Zilvia,Hickin,zhickinc@netscape.com,Female,139.76.62.83,1.2.6
14,Moss,Snow,msnowd@harvard.edu,Male,225.37.78.30,0.48
15,Bette-ann,Fossett,bfossette@hibu.com,Female,200.245.248.250,1.18
16,Perl,Cuffe,pcuffef@tuttocitta.it,Female,90.83.53.200,0.86
17,Trudey,Gandrich,tgandrichg@mayoclinic.com,Female,213.39.244.96,0.8.4
18,Clint,Conneely,cconneelyh@cnet.com,Male,134.164.216.40,0.69
19,Falkner,Audry,faudryi@skyrock.com,Male,13.56.89.127,1.9.1
20,Erich,Kirley,ekirleyj@purevolume.com,Male,114.111.46.68,0.92
21,Karel,Richardsson,krichardssonk@unesco.org,Female,41.141.59.28,6.9.7
22,Zollie,Lindell,zlindelll@ft.com,Male,208.133.112.230,0.22
23,Colin,Matlock,cmatlockm@1688.com,Male,58.81.199.245,9.1
24,Allx,Cleaton,acleatonn@barnesandnoble.com,Female,74.255.223.156,4.6
25,Brig,Camel,bcamelo@instagram.com,Male,252.87.30.5,7.0
26,Eliot,Skill,eskillp@irs.gov,Male,45.159.228.102,0.27
27,Alden,Bessant,abessantq@ning.com,Male,182.63.124.54,0.8.3
28,Juliet,Baunton,jbauntonr@ucla.edu,Female,97.170.170.185,0.6.1
29,Ivar,Curnok,icurnoks@merriam-webster.com,Male,29.81.222.9,3.7.7
30,Janetta,De Beauchemp,jdebeauchempt@yellowpages.com,Female,189.216.111.14,1.1
31,Husein,Ramirez,hramirezu@123-reg.co.uk,Male,185.14.99.25,9.4.8
32,Sonny,Seres,sseresv@hugedomains.com,Male,249.146.54.195,0.92
33,Keane,Fowles,kfowlesw@artisteer.com,Male,104.114.74.58,0.93
34,Inger,Penny,ipennyx@constantcontact.com,Male,191.207.196.0,5.1
35,Marlena,Brocklebank,mbrocklebanky@adobe.com,Female,209.87.82.227,2.81
36,Germaine,Mazzei,gmazzeiz@barnesandnoble.com,Female,210.141.73.84,0.17
37,Corri,Waud,cwaud10@opera.com,Female,177.56.164.76,4.7.4
38,Gael,Edkins,gedkins11@bloglines.com,Female,61.84.203.35,0.41
39,Melodie,Juares,mjuares12@symantec.com,Female,40.209.241.39,0.17
40,Corbet,Donaway,cdonaway13@webnode.com,Male,122.249.251.97,7.2.2
41,Cobby,Hoonahan,choonahan14@bandcamp.com,Male,40.110.79.6,8.2
42,Prinz,Peaseman,ppeaseman15@t-online.de,Male,48.255.99.83,6.60
43,Giacinta,Le Provost,gleprovost16@wix.com,Female,60.91.118.117,0.8.7
44,Bert,Leneve,bleneve17@gov.uk,Female,137.103.64.49,0.4.6
45,Ally,Kingaby,akingaby18@who.int,Female,55.62.0.109,8.8
46,Wilmette,Ellaway,wellaway19@cisco.com,Female,150.185.39.179,2.30
47,Lynette,Mordon,lmordon1a@java.com,Female,158.227.15.13,3.5.0
48,Odelia,Mccaull,omccaull1b@discuz.net,Female,206.195.83.168,0.8.2
49,Doro,Goreway,dgoreway1c@apple.com,Female,36.37.36.174,7.44
50,Sydney,Adamini,sadamini1d@yandex.ru,Female,165.7.55.17,0.71
51,Anestassia,Lints,alints1e@nih.gov,Female,203.53.23.87,8.6.4
52,Terrye,Swinney,tswinney1f@un.org,Female,161.122.193.156,0.4.2
53,Daisie,Courage,dcourage1g@hexun.com,Female,99.211.131.248,0.3.6
54,Koral,Kindleysides,kkindleysides1h@a8.net,Female,118.71.190.146,0.89
55,Jasen,Trebilcock,jtrebilcock1i@biblegateway.com,Male,121.91.196.6,0.2.6
56,Tommie,Valentelli,tvalentelli1j@sitemeter.com,Male,120.216.220.124,2.4
57,Raleigh,Blaszkiewicz,rblaszkiewicz1k@ihg.com,Male,142.209.96.207,0.47
58,Konstantine,Brody,kbrody1l@rambler.ru,Male,214.203.241.255,0.93
59,Ansell,Brabbs,abrabbs1m@meetup.com,Male,163.145.118.81,3.2.3
60,Charmine,Trippitt,ctrippitt1n@scientificamerican.com,Female,209.182.26.117,6.9.4
61,Lacee,Glavias,lglavias1o@bbb.org,Female,200.110.223.121,5.7
62,Sandor,Vasilkov,svasilkov1p@facebook.com,Male,221.234.55.145,3.64
63,Fleurette,Westcot,fwestcot1q@multiply.com,Female,98.100.57.76,4.42
64,Alix,Dutton,adutton1r@quantcast.com,Female,39.166.58.203,2.08
65,Imojean,Goschalk,igoschalk1s@opensource.org,Female,112.25.197.220,0.6.6
66,Hallie,Stanluck,hstanluck1t@eepurl.com,Female,252.157.49.186,0.51
67,Luise,Daspar,ldaspar1u@phoca.cz,Female,121.0.205.59,0.6.8
68,Rhianna,Ambrozewicz,rambrozewicz1v@bluehost.com,Female,122.19.83.209,0.7.7
69,Gearard,Westmore,gwestmore1w@tumblr.com,Male,115.40.106.36,7.99
70,Kristin,Sergison,ksergison1x@yandex.ru,Female,167.233.161.127,0.29
71,Law,Adamovitz,ladamovitz1y@hp.com,Male,166.190.109.20,0.2.9
72,Hansiain,Simonelli,hsimonelli1z@arstechnica.com,Male,188.155.12.46,1.3.2
73,Alexandrina,Mansbridge,amansbridge20@php.net,Female,225.229.0.18,8.51
74,Valerye,Maccari,vmaccari21@bandcamp.com,Female,224.25.131.124,0.2.3
75,Petrina,Pollington,ppollington22@yellowpages.com,Female,40.209.18.200,4.1
76,Urbain,De Gregario,udegregario23@oakley.com,Male,9.100.103.161,0.46
77,Kandace,Conor,kconor24@over-blog.com,Female,221.70.23.210,0.1.3
78,Stillman,Huguenet,shuguenet25@ifeng.com,Male,176.22.22.51,0.7.3
79,Gaspar,Dobsons,gdobsons26@posterous.com,Male,180.82.90.100,7.54
80,Westbrooke,Choules,wchoules27@shinystat.com,Male,78.42.173.87,2.4
81,Lenard,Connechie,lconnechie28@ca.gov,Male,33.107.2.91,0.17
82,Willetta,Carbry,wcarbry29@abc.net.au,Female,2.224.232.13,0.23
83,Lucho,McCosker,lmccosker2a@over-blog.com,Male,90.152.236.129,4.41
84,Cathryn,Pavlasek,cpavlasek2b@icio.us,Female,209.154.93.87,9.0.2
85,Llywellyn,Tatam,ltatam2c@nps.gov,Male,42.112.60.7,5.10
86,Joli,Grzesiewicz,jgrzesiewicz2d@ovh.net,Female,0.75.32.143,0.63
87,Norene,Langran,nlangran2e@ycombinator.com,Female,7.245.98.21,0.7.1
88,Skip,Belloch,sbelloch2f@tinypic.com,Male,198.204.242.46,8.8.0
89,Davin,Chazotte,dchazotte2g@wikipedia.org,Male,77.212.14.118,5.94
90,Ivy,Wornum,iwornum2h@abc.net.au,Female,36.182.186.107,5.07
91,Farly,O'Calleran,focalleran2i@tmall.com,Male,248.107.113.222,9.2
92,Brandais,Betham,bbetham2j@imgur.com,Female,202.187.232.102,0.8.3
93,Von,Scaplehorn,vscaplehorn2k@github.com,Male,196.153.239.206,6.84
94,Jonis,Saterthwait,jsaterthwait2l@issuu.com,Female,26.113.76.240,0.82
95,Whitman,Allsebrook,wallsebrook2m@paginegialle.it,Male,200.42.189.143,1.65
96,Terri,Frances,tfrances2n@yolasite.com,Male,14.217.158.216,0.9.0
97,Livvy,Kitt,lkitt2o@ihg.com,Female,95.223.117.95,5.2
98,Tessie,Dunnaway,tdunnaway2p@who.int,Female,126.219.50.137,1.1.7
99,Alyce,Colquite,acolquite2q@issuu.com,Female,54.236.178.80,2.9
100,Waylan,Dykins,wdykins2r@disqus.com,Male,109.102.189.146,7.6.1
101,Bev,Grubb,bgrubb2s@xinhuanet.com,Male,29.238.114.53,2.9.8
102,York,Clulow,yclulow2t@oracle.com,Male,82.50.116.150,7.05
103,Ofilia,Strut,ostrut2u@google.fr,Female,98.154.168.105,1.21
104,Sheridan,Fanton,sfanton2v@cnbc.com,Male,49.222.8.222,6.7
105,Gram,Harses,gharses2w@java.com,Male,174.202.188.159,7.33
106,Jorry,Barrat,jbarrat2x@usnews.com,Female,139.105.60.178,6.2.7
107,Kaspar,Seaking,kseaking2y@studiopress.com,Male,135.128.157.122,0.19
108,Kathleen,Headly,kheadly2z@dot.gov,Female,25.217.179.223,0.60
109,Ilyssa,Bodocs,ibodocs30@hugedomains.com,Female,192.15.23.199,0.4.8
110,Bianka,Colgan,bcolgan31@cdc.gov,Female,46.233.116.208,3.0.8
111,Buiron,Duckerin,bduckerin32@paypal.com,Male,5.201.37.116,0.79
112,Beaufort,Camden,bcamden33@usda.gov,Male,40.63.126.119,3.63
113,Finn,Badham,fbadham34@blogs.com,Male,98.27.16.197,0.35
114,Fabe,Risso,frisso35@wix.com,Male,235.218.40.111,0.8.3
115,Fania,Bellard,fbellard36@facebook.com,Female,43.68.203.85,0.54
116,Lola,Kislingbury,lkislingbury37@artisteer.com,Female,5.135.220.232,8.12
117,Johnette,Sevier,jsevier38@devhub.com,Female,219.14.32.22,0.4.9
118,Freda,Wavell,fwavell39@altervista.org,Female,194.42.232.82,1.7.1
119,Bil,Alejo,balejo3a@dagondesign.com,Male,21.115.253.125,9.0
120,Josey,Baroch,jbaroch3b@printfriendly.com,Female,251.202.201.239,4.74
121,Zorine,Randalston,zrandalston3c@live.com,Female,251.75.84.133,0.49
122,Oswald,Lathaye,olathaye3d@wordpress.com,Male,253.149.19.161,1.1
123,Arabella,Serman,aserman3e@rambler.ru,Female,185.26.27.74,4.6.1
124,Lind,Klain,lklain3f@shop-pro.jp,Female,85.117.107.64,0.45
125,Corney,Ellyatt,cellyatt3g@mail.ru,Male,134.124.93.224,0.8.2
126,Filia,Pareman,fpareman3h@weibo.com,Female,58.123.122.237,4.3
127,Ira,Tuny,ituny3i@spiegel.de,Male,253.39.66.119,8.95
128,Ashien,Sogg,asogg3j@comcast.net,Female,77.203.182.252,0.82
129,Wilmer,Colbourne,wcolbourne3k@illinois.edu,Male,13.91.90.13,1.8.3
130,Reed,Calbert,rcalbert3l@howstuffworks.com,Male,94.3.191.164,2.72
131,Kleon,Fuzzard,kfuzzard3m@hubpages.com,Male,24.48.173.102,0.91
132,Caldwell,Kielty,ckielty3n@cargocollective.com,Male,174.132.99.252,6.1
133,Andris,Illingworth,aillingworth3o@auda.org.au,Male,37.157.212.203,2.9.7
134,Valenka,Bugbee,vbugbee3p@livejournal.com,Female,190.113.108.31,2.7
135,Heywood,Hansen,hhansen3q@yellowpages.com,Male,3.78.6.224,3.6.9
136,Zebadiah,Worrell,zworrell3r@mac.com,Male,201.116.156.185,8.24
137,Ruddy,Ecles,recles3s@ucla.edu,Male,110.66.212.145,9.34
138,Lennie,Dadswell,ldadswell3t@sbwire.com,Male,79.255.22.147,9.18
139,Anabella,Yielding,ayielding3u@timesonline.co.uk,Female,68.6.162.248,6.58
140,Alic,Amies,aamies3v@ox.ac.uk,Male,106.143.92.83,0.5.0
141,Marion,Robben,mrobben3w@pcworld.com,Female,1.155.229.213,0.3.1
142,Kerri,Ashelford,kashelford3x@ox.ac.uk,Female,24.194.251.136,1.3
143,Joellen,Norgan,jnorgan3y@pbs.org,Female,36.121.87.105,7.47
144,Eb,Slocombe,eslocombe3z@oakley.com,Male,200.146.45.186,2.2
145,Krystalle,Wiltshaw,kwiltshaw40@icq.com,Female,196.228.215.254,1.5.0
146,Herby,Kliment,hkliment41@eepurl.com,Male,0.124.116.214,7.4.9
147,Esmaria,Jakubowski,ejakubowski42@free.fr,Female,184.205.180.228,9.7
148,Hadria,Thornally,hthornally43@ca.gov,Female,180.73.167.206,8.5
149,Hubey,Choak,hchoak44@hostgator.com,Male,163.229.106.28,8.0.6
150,Fielding,Nolin,fnolin45@yandex.ru,Male,116.169.79.160,7.0
151,Giulia,Eneas,geneas46@ask.com,Female,129.182.23.90,5.9
152,Kylie,Espinal,kespinal47@wordpress.com,Male,14.244.153.39,0.7.0
153,Cherrita,Naisby,cnaisby48@php.net,Female,141.175.97.210,1.5
154,Aldous,Castenda,acastenda49@ed.gov,Male,31.59.213.139,6.6
155,Hayley,Tulip,htulip4a@hexun.com,Female,97.253.184.14,3.44
156,Pearce,Lobley,plobley4b@indiatimes.com,Male,234.82.247.244,2.9
157,Rosalyn,Fingleton,rfingleton4c@mail.ru,Female,224.200.51.142,0.3.0
158,Timmie,Starten,tstarten4d@globo.com,Male,243.83.234.101,0.8.3
159,Chick,Isenor,cisenor4e@google.it,Male,229.5.184.101,9.2
160,Ilysa,Fricke,ifricke4f@360.cn,Female,95.18.55.83,8.4
161,Waldemar,Maven,wmaven4g@scribd.com,Male,154.168.1.197,9.2.6
162,Jacynth,Schollick,jschollick4h@yellowpages.com,Female,244.130.2.86,4.1.9
163,Ronny,Gaudin,rgaudin4i@freewebs.com,Female,77.66.101.243,0.1.5
164,Carine,McGurgan,cmcgurgan4j@uol.com.br,Female,191.23.7.188,9.94
165,Rivy,Ivashov,rivashov4k@feedburner.com,Female,186.194.150.139,9.7.7
166,Meryl,Andreasen,mandreasen4l@lycos.com,Female,118.155.80.221,6.4.8
167,Michael,Mosson,mmosson4m@xrea.com,Male,48.201.248.53,7.0.6
168,Bernardo,Haycox,bhaycox4n@dmoz.org,Male,240.2.174.28,3.5
169,Denney,Fulop,dfulop4o@java.com,Male,23.142.8.215,9.6
170,Deirdre,Barrick,dbarrick4p@adobe.com,Female,60.52.24.65,8.3.5
171,Arlie,Colt,acolt4q@ask.com,Female,144.58.156.28,1.7.3
172,Alix,Tibalt,atibalt4r@pen.io,Female,66.75.36.206,1.9
173,Melli,Abberley,mabberley4s@google.es,Female,145.164.35.52,3.04
174,Daron,Mapples,dmapples4t@fastcompany.com,Male,196.160.248.83,0.4.1
175,Rubina,Leggatt,rleggatt4u@wiley.com,Female,71.146.174.173,7.8
176,Candy,Gingedale,cgingedale4v@marriott.com,Female,154.97.8.84,6.97
177,Ibrahim,Chezelle,ichezelle4w@github.com,Male,162.213.151.49,3.3
178,Ber,Aseef,baseef4x@linkedin.com,Male,201.116.51.220,9.62
179,Ody,Chivers,ochivers4y@weibo.com,Male,245.45.70.102,4.43
180,Ulrick,Damato,udamato4z@w3.org,Male,139.140.180.138,0.74
181,Reilly,Jarrold,rjarrold50@usda.gov,Male,158.156.75.28,9.18
182,Almeta,Gravy,agravy51@yandex.ru,Female,19.24.2.56,2.39
183,Upton,Novakovic,unovakovic52@de.vu,Male,236.18.120.247,1.46
184,Gwen,Cappleman,gcappleman53@tiny.cc,Female,255.116.89.248,5.0
185,Hortensia,De Pietri,hdepietri54@live.com,Female,139.16.113.43,8.71
186,Russ,Jerosch,rjerosch55@theguardian.com,Male,109.202.185.37,8.8.3
187,Elle,Peckett,epeckett56@miibeian.gov.cn,Female,16.207.215.189,0.3.2
188,Stu,Devonshire,sdevonshire57@slate.com,Male,168.205.159.46,4.4.6
189,Rosanne,Arnaudot,rarnaudot58@domainmarket.com,Female,174.80.143.97,2.6.4
190,Duncan,Lavigne,dlavigne59@flickr.com,Male,81.158.29.225,2.0
191,Smitty,Stimson,sstimson5a@jimdo.com,Male,102.197.238.4,0.33
192,Massimo,Wisher,mwisher5b@godaddy.com,Male,35.112.235.57,6.67
193,Sylvester,Amer,samer5c@hc360.com,Male,114.23.143.201,6.44
194,Tanya,Stanyon,tstanyon5d@springer.com,Female,161.180.14.177,2.34
195,Parrnell,Ismirnioglou,pismirnioglou5e@ucsd.edu,Male,26.61.135.52,7.86
196,Van,Jobke,vjobke5f@time.com,Male,29.53.207.165,0.1.2
197,Odelle,Creddon,ocreddon5g@altervista.org,Female,120.233.255.192,0.1.3
198,Hillyer,Robertet,hrobertet5h@skyrock.com,Male,99.146.45.187,0.7.1
199,Emili,Tringham,etringham5i@so-net.ne.jp,Female,248.123.111.75,0.9.4
200,Braden,Allett,ballett5j@walmart.com,Male,129.128.73.240,0.50
201,Normand,Grissett,ngrissett5k@csmonitor.com,Male,25.54.82.224,0.77
202,Pall,Rann,prann5l@cdc.gov,Male,9.55.96.162,0.75
203,Frasquito,Skitteral,fskitteral5m@omniture.com,Male,175.185.93.158,7.5
204,Claus,McLoney,cmcloney5n@github.com,Male,52.191.37.48,0.1.8
205,Starr,Rasch,srasch5o@zimbio.com,Female,93.122.184.14,0.43
206,Patricio,Paynter,ppaynter5p@printfriendly.com,Male,155.218.230.205,9.7
207,Reube,Putman,rputman5q@is.gd,Male,171.7.124.58,0.5.3
208,Seline,Dellenbrook,sdellenbrook5r@ovh.net,Female,173.110.155.159,0.34
209,Lazaro,Mulqueen,lmulqueen5s@twitpic.com,Male,60.195.153.39,0.1.6
210,Fletcher,Camplejohn,fcamplejohn5t@weibo.com,Male,103.142.1.239,1.14
211,Lisabeth,Rendbaek,lrendbaek5u@globo.com,Female,64.38.123.49,0.2.5
212,Monique,Jobin,mjobin5v@eventbrite.com,Female,223.205.236.231,1.8
213,Tremain,Burner,tburner5w@163.com,Male,136.129.232.175,0.63
214,Yale,Audus,yaudus5x@webs.com,Male,249.92.132.2,8.98
215,Persis,Peyton,ppeyton5y@nasa.gov,Female,41.248.221.107,0.45
216,Alyosha,O'Gleasane,aogleasane5z@addthis.com,Male,109.96.64.6,9.3
217,Gaylord,Winkle,gwinkle60@cbslocal.com,Male,187.176.148.102,0.1.0
218,Willow,Chapellow,wchapellow61@webnode.com,Female,239.203.210.187,6.0.1
219,Dar,Sennett,dsennett62@hugedomains.com,Male,118.160.6.176,3.7
220,Loretta,Van Waadenburg,lvanwaadenburg63@netvibes.com,Female,183.89.211.84,9.44
221,Lezley,Avrahamoff,lavrahamoff64@ucoz.ru,Male,251.139.87.45,0.8.8
222,Olva,McGeaney,omcgeaney65@deviantart.com,Female,6.96.53.85,5.3
223,Freddy,Sodor,fsodor66@cbc.ca,Male,83.67.170.238,4.7.6
224,Sophie,Maken,smaken67@hc360.com,Female,230.24.0.144,1.77
225,Guy,Stailey,gstailey68@ft.com,Male,107.81.188.87,3.73
226,Heath,Jiggle,hjiggle69@google.cn,Male,8.55.72.56,4.5.0
227,Kamilah,Minucci,kminucci6a@phoca.cz,Female,71.254.99.81,0.1.5
228,Rita,Whelan,rwhelan6b@privacy.gov.au,Female,76.246.130.131,9.8
229,Wendell,Busch,wbusch6c@webmd.com,Male,190.50.248.151,0.31
230,Cinderella,Capaldo,ccapaldo6d@xinhuanet.com,Female,175.47.16.80,6.7
231,Norean,Pavy,npavy6e@example.com,Female,7.179.231.136,0.8.1
232,Casie,Swyndley,cswyndley6f@microsoft.com,Female,203.236.25.220,0.5.6
233,Todd,Haslock(e),thaslocke6g@tripadvisor.com,Male,163.220.215.20,0.86
234,Almeta,Diem,adiem6h@phoca.cz,Female,41.198.93.117,4.57
235,Clem,Swanger,cswanger6i@psu.edu,Male,183.200.168.199,0.2.6
236,Bertie,Danser,bdanser6j@domainmarket.com,Female,16.82.52.169,1.9.5
237,Alvis,Chetter,achetter6k@wp.com,Male,249.159.105.231,2.64
238,Aida,Methingam,amethingam6l@loc.gov,Female,193.92.235.106,0.23
239,Frankie,Cubbit,fcubbit6m@youku.com,Male,141.144.44.84,0.87
240,Orelle,McIlrath,omcilrath6n@ihg.com,Female,225.60.195.159,2.4
241,Tobiah,Metterick,tmetterick6o@admin.ch,Male,185.57.98.106,0.7.6
242,Radcliffe,Lawton,rlawton6p@fastcompany.com,Male,161.109.234.133,9.0
243,Stewart,Bestall,sbestall6q@paginegialle.it,Male,62.92.76.184,7.9
244,Rebecka,Higgonet,rhiggonet6r@archive.org,Female,187.29.28.172,1.8.6
245,Rina,Marc,rmarc6s@statcounter.com,Female,217.234.185.17,4.8
246,Georgy,Luckham,gluckham6t@shop-pro.jp,Male,127.31.7.33,0.57
247,Umeko,Ecclestone,uecclestone6u@dailymotion.com,Female,252.58.193.72,2.36
248,Brenda,Loan,bloan6v@xrea.com,Female,57.12.8.52,0.7.2
249,Maryellen,Cradick,mcradick6w@amazon.co.jp,Female,255.217.36.233,9.7
250,Blakelee,Loudian,bloudian6x@shop-pro.jp,Female,206.27.231.253,4.2
251,Jaquelin,Omond,jomond6y@answers.com,Female,200.159.201.136,3.07
252,Noll,Capsey,ncapsey6z@ucoz.ru,Male,161.232.35.97,0.46
253,Ingrim,Chevis,ichevis70@tripadvisor.com,Male,208.16.105.197,0.7.3
254,Annice,Prine,aprine71@seesaa.net,Female,127.41.214.181,0.48
255,Shadow,Luca,sluca72@geocities.jp,Male,67.50.52.54,0.39
256,Giacomo,Grandham,ggrandham73@washingtonpost.com,Male,4.250.50.252,4.4
257,Jule,Rubke,jrubke74@google.nl,Male,3.169.50.242,0.86
258,Yule,Balnave,ybalnave75@pcworld.com,Male,71.227.249.59,0.4.2
259,Vittoria,Calladine,vcalladine76@themeforest.net,Female,172.127.35.64,9.4
260,Ozzy,Mellon,omellon77@youku.com,Male,103.77.202.247,3.2.3
261,Donalt,Robeiro,drobeiro78@paginegialle.it,Male,165.233.170.68,0.75
262,Drugi,Collyns,dcollyns79@flickr.com,Male,41.145.135.133,9.2
263,Julia,Pedrocchi,jpedrocchi7a@yellowbook.com,Female,13.229.247.21,3.5
264,Bren,Softley,bsoftley7b@miibeian.gov.cn,Female,75.202.216.8,0.54
265,Deina,Bulward,dbulward7c@reddit.com,Female,166.245.201.133,0.1.5
266,Abbey,Artin,aartin7d@accuweather.com,Male,6.85.190.130,7.37
267,Worden,Pantlin,wpantlin7e@ustream.tv,Male,184.30.174.93,6.5.3
268,Lorianne,Succamore,lsuccamore7f@globo.com,Female,213.93.231.27,4.3
269,Gordie,Buscher,gbuscher7g@bbb.org,Male,125.229.20.24,0.22
270,Deborah,Casillas,dcasillas7h@google.pl,Female,206.32.131.164,8.63
271,Karylin,Garrit,kgarrit7i@cnbc.com,Female,175.7.112.168,0.2.0
272,Roobbie,Ayers,rayers7j@youtu.be,Female,55.25.233.224,0.92
273,Doreen,Alvarado,dalvarado7k@issuu.com,Female,237.27.154.111,0.1.1
274,Egon,Caulfield,ecaulfield7l@topsy.com,Male,48.250.42.183,5.02
275,Traver,Oakland,toakland7m@cdc.gov,Male,30.195.138.13,9.3
276,D'arcy,Scopes,dscopes7n@wisc.edu,Male,239.19.76.228,5.5.4
277,Marcelia,Matskiv,mmatskiv7o@cpanel.net,Female,143.246.11.90,3.2
278,Cos,Beatey,cbeatey7p@feedburner.com,Male,89.96.26.233,0.8.8
279,Kenton,Ruecastle,kruecastle7q@ning.com,Male,67.145.54.101,0.23
280,Meris,Stilwell,mstilwell7r@nih.gov,Female,42.78.130.65,4.0
281,Ernest,Ladbury,eladbury7s@edublogs.org,Male,167.184.92.210,3.4
282,Maximo,McCool,mmccool7t@geocities.com,Male,19.201.66.65,7.0.8
283,Bettye,Godbert,bgodbert7u@comcast.net,Female,253.80.14.181,6.3.8
284,Sloane,Arbor,sarbor7v@ucoz.com,Male,35.197.96.162,7.8
285,Giovanni,Battson,gbattson7w@blog.com,Male,160.122.186.165,0.19
286,Marcie,Capps,mcapps7x@liveinternet.ru,Female,89.83.86.122,7.3.7
287,Evered,Phonix,ephonix7y@bigcartel.com,Male,66.98.224.31,9.9.7
288,Yance,Pirnie,ypirnie7z@fda.gov,Male,252.246.140.157,6.7
289,Annissa,Ody,aody80@businesswire.com,Female,32.105.151.205,0.88
290,Baron,Bosden,bbosden81@sciencedirect.com,Male,110.151.195.245,0.6.6
291,Verene,Crowd,vcrowd82@china.com.cn,Female,45.234.79.88,2.9.6
292,Dorella,Alabone,dalabone83@reverbnation.com,Female,187.48.252.225,4.8.9
293,Trenton,Watkiss,twatkiss84@about.me,Male,59.165.198.198,0.3.9
294,Feliza,Gilardi,fgilardi85@cocolog-nifty.com,Female,215.44.161.189,5.0.9
295,Cobbie,Bushe,cbushe86@bravesites.com,Male,196.149.101.70,9.68
296,Martie,Trayes,mtrayes87@marketwatch.com,Female,63.123.208.232,4.26
297,Alexandro,McKnockiter,amcknockiter88@cocolog-nifty.com,Male,212.104.243.180,5.08
298,Courtney,Polly,cpolly89@drupal.org,Female,243.7.93.235,9.5
299,Milzie,Boyer,mboyer8a@google.com.hk,Female,217.93.10.156,4.6
300,Vivian,Clewlowe,vclewlowe8b@qq.com,Female,73.189.120.49,0.17
301,Bev,Schrader,bschrader8c@oakley.com,Male,123.116.27.13,2.80
302,Whittaker,Parfrey,wparfrey8d@clickbank.net,Male,181.118.46.137,7.4.7
303,Marleen,Hargie,mhargie8e@examiner.com,Female,18.35.115.95,8.1.0
304,Cecil,Goodhew,cgoodhew8f@mlb.com,Male,169.12.173.47,4.55
305,Mignon,Yonnie,myonnie8g@twitter.com,Female,48.11.226.31,1.97
306,Arch,Sproat,asproat8h@cbc.ca,Male,243.69.173.156,0.5.8
307,Gabrielle,Lockett,glockett8i@home.pl,Female,134.250.166.64,2.1
308,Lief,Passler,lpassler8j@purevolume.com,Male,22.227.82.161,7.4
309,Haleigh,Oattes,hoattes8k@house.gov,Male,131.217.243.223,0.60
310,Pooh,Haythornthwaite,phaythornthwaite8l@bandcamp.com,Female,109.208.134.165,7.6
311,Whitney,Bidwell,wbidwell8m@bizjournals.com,Female,92.168.138.102,2.5
312,Noreen,Sloper,nsloper8n@bbc.co.uk,Female,249.103.46.32,0.6.1
313,Randy,Christou,rchristou8o@hugedomains.com,Female,173.34.237.6,3.42
314,Paulita,Garter,pgarter8p@ocn.ne.jp,Female,203.142.176.83,5.6
315,Clemmie,Euels,ceuels8q@ameblo.jp,Male,118.87.245.49,5.74
316,Deirdre,Lupson,dlupson8r@china.com.cn,Female,15.25.184.250,0.4.6
317,Dukie,Polini,dpolini8s@auda.org.au,Male,70.253.242.89,4.0
318,Olwen,Ronayne,oronayne8t@china.com.cn,Female,78.225.0.26,0.4.2
319,Aluino,Spinas,aspinas8u@amazon.de,Male,206.53.178.98,8.59
320,Nanine,Shreeve,nshreeve8v@epa.gov,Female,31.49.88.89,5.63
321,Farly,Bruce,fbruce8w@myspace.com,Male,34.101.32.158,0.85
322,Fairlie,Landreth,flandreth8x@diigo.com,Male,174.67.54.4,9.0.8
323,Urbano,Stille,ustille8y@auda.org.au,Male,92.200.104.222,3.9.8
324,Ruthy,Bermingham,rbermingham8z@wsj.com,Female,175.124.12.14,2.2.6
325,Jilleen,Lyfield,jlyfield90@nba.com,Female,125.182.167.76,9.5
326,Kingsley,Hatherley,khatherley91@wordpress.org,Male,103.224.148.97,8.6.5
327,Cornela,Gostage,cgostage92@ucoz.com,Female,96.216.24.159,0.2.9
328,Lena,Crinion,lcrinion93@time.com,Female,155.21.80.23,6.19
329,Colin,Ganny,cganny94@usgs.gov,Male,95.128.44.192,3.27
330,Traver,Bloys,tbloys95@chicagotribune.com,Male,33.186.169.235,6.8.5
331,Lou,Vassel,lvassel96@oracle.com,Female,70.84.192.84,0.2.3
332,Rodney,Cettell,rcettell97@google.ca,Male,60.173.27.91,8.3
333,Mellie,Ponnsett,mponnsett98@is.gd,Female,191.250.214.55,0.59
334,Hakeem,Newberry,hnewberry99@typepad.com,Male,31.189.201.161,9.5.6
335,Elayne,Landes,elandes9a@msu.edu,Female,235.119.192.241,0.5.7
336,Elene,Jimpson,ejimpson9b@macromedia.com,Female,204.98.59.228,0.10
337,Meier,Genese,mgenese9c@examiner.com,Male,34.211.30.217,0.56
338,Gearalt,Dacombe,gdacombe9d@bbc.co.uk,Male,174.173.250.64,0.1.4
339,My,Caldeiro,mcaldeiro9e@spiegel.de,Male,64.154.71.222,5.71
340,Saunderson,Colbert,scolbert9f@biglobe.ne.jp,Male,15.80.53.214,0.77
341,Madel,Cowins,mcowins9g@oracle.com,Female,235.250.68.5,4.84
342,Audie,Loveredge,aloveredge9h@timesonline.co.uk,Female,139.47.67.141,6.54
343,Reynard,Marson,rmarson9i@amazon.com,Male,202.51.115.81,0.35
344,Claudianus,Burbage,cburbage9j@nasa.gov,Male,146.184.28.247,8.9.1
345,Ludovika,Courtes,lcourtes9k@examiner.com,Female,202.24.76.237,0.36
346,Orson,Heinzler,oheinzler9l@icio.us,Male,236.134.199.225,6.6
347,Ewart,Ridwood,eridwood9m@google.de,Male,46.249.187.218,0.6.8
348,Gaile,Klee,gklee9n@squidoo.com,Male,190.203.143.146,3.4
349,Evelyn,Patria,epatria9o@simplemachines.org,Male,97.104.117.73,2.32
350,Britta,Tomaszewicz,btomaszewicz9p@ed.gov,Female,150.191.138.30,3.0.3
351,Dedra,Mityushkin,dmityushkin9q@narod.ru,Female,108.233.183.37,4.8
352,Bonnee,Braikenridge,bbraikenridge9r@samsung.com,Female,79.110.157.251,2.03
353,Jere,Lardeur,jlardeur9s@list-manage.com,Male,202.73.161.155,6.1
354,Maudie,Satterlee,msatterlee9t@theglobeandmail.com,Female,214.113.79.180,6.19
355,Sabrina,Gleeson,sgleeson9u@prnewswire.com,Female,3.68.166.96,5.9
356,Cleo,Betun,cbetun9v@prweb.com,Female,12.7.207.237,0.50
357,Rafaello,Genny,rgenny9w@prweb.com,Male,82.168.37.30,0.38
358,Royall,Giuron,rgiuron9x@so-net.ne.jp,Male,218.200.64.116,0.57
359,Ariadne,Barnson,abarnson9y@tiny.cc,Female,233.239.62.128,0.6.9
360,Morgen,Kunc,mkunc9z@gnu.org,Female,251.65.40.250,2.9
361,Colas,Lawey,claweya0@opera.com,Male,145.65.146.44,0.4.4
362,Gradey,Liddyard,gliddyarda1@state.tx.us,Male,28.201.81.223,0.93
363,Charla,Kield,ckielda2@miitbeian.gov.cn,Female,201.21.156.70,8.7.5
364,Maddy,Jacklings,mjacklingsa3@bloglines.com,Female,143.170.179.30,3.82
365,Rog,Rabbage,rrabbagea4@nih.gov,Male,181.42.140.53,4.10
366,Carolynn,Romanetti,cromanettia5@about.me,Female,39.60.23.153,6.7
367,Seamus,Jedras,sjedrasa6@t-online.de,Male,202.236.91.115,0.85
368,Avery,Dmytryk,admytryka7@biglobe.ne.jp,Male,44.25.229.246,6.9
369,Tobias,Chesser,tchessera8@opensource.org,Male,106.44.207.75,9.2.4
370,Fernande,Batterham,fbatterhama9@marriott.com,Female,184.79.196.34,6.33
371,Brnaba,Jeanesson,bjeanessonaa@wikispaces.com,Male,164.131.89.235,8.73
372,Lianna,Golding,lgoldingab@hostgator.com,Female,107.39.121.211,8.1.6
373,Inger,Acton,iactonac@cpanel.net,Male,218.194.186.241,0.5.0
374,Alfred,Ballin,aballinad@jimdo.com,Male,31.251.109.189,6.1.6
375,Leticia,Poley,lpoleyae@marriott.com,Female,168.116.106.239,0.57
376,Karlotta,Presdee,kpresdeeaf@sohu.com,Female,172.48.181.176,0.96
377,Atlante,Rosle,arosleag@ucla.edu,Female,159.10.132.124,7.05
378,Murdock,Bourrel,mbourrelah@oracle.com,Male,151.33.185.250,0.84
379,Nichole,Samways,nsamwaysai@ihg.com,Male,225.119.149.191,6.60
380,Bay,Annott,bannottaj@squidoo.com,Male,100.243.109.212,0.77
381,Gladi,Hunting,ghuntingak@sfgate.com,Female,160.196.191.83,7.4
382,Pinchas,Allso,pallsoal@t.co,Male,125.38.61.146,5.9
383,Wallace,Walrond,wwalrondam@msu.edu,Male,184.130.86.134,5.8
384,Burty,Beauly,bbeaulyan@phpbb.com,Male,223.81.180.71,0.4.2
385,Lorette,Casine,lcasineao@paypal.com,Female,140.27.217.250,6.17
386,Adamo,Steed,asteedap@youtube.com,Male,191.19.21.114,0.43
387,Avery,Pywell,apywellaq@forbes.com,Male,196.87.162.35,2.82
388,Helsa,Loncaster,hloncasterar@gnu.org,Female,117.211.67.157,0.85
389,Ludvig,Keynd,lkeyndas@dailymotion.com,Male,153.19.151.202,0.9.8
390,Benedick,Domotor,bdomotorat@theglobeandmail.com,Male,137.174.138.24,2.3
391,Bertrand,Breagan,bbreaganau@washingtonpost.com,Male,53.43.31.226,0.8.8
392,Julita,Boatright,jboatrightav@japanpost.jp,Female,167.10.160.240,0.26
393,Tarrance,Guerry,tguerryaw@mac.com,Male,137.118.86.212,8.17
394,Kriste,Cash,kcashax@mac.com,Female,77.50.112.255,6.48
395,Farley,Leeson,fleesonay@howstuffworks.com,Male,52.135.122.68,0.3.6
396,Alano,Wapplington,awapplingtonaz@wisc.edu,Male,84.46.142.205,9.8.8
397,Ruthi,Tibbles,rtibblesb0@nationalgeographic.com,Female,184.255.207.11,3.0.2
398,Carin,Hutley,chutleyb1@globo.com,Female,218.63.222.113,1.2
399,Warren,Viollet,wviolletb2@cdc.gov,Male,80.104.129.15,7.5.0
400,Johann,Grishakin,jgrishakinb3@cloudflare.com,Male,27.106.73.71,4.2.2
401,Elayne,Ord,eordb4@msu.edu,Female,246.26.197.172,4.6
402,Judie,Rustidge,jrustidgeb5@cornell.edu,Female,9.96.194.134,5.6.4
403,Alberto,Townsend,atownsendb6@delicious.com,Male,27.136.169.96,0.9.3
404,Noby,Mersey,nmerseyb7@yelp.com,Male,92.169.228.182,0.56
405,Shaughn,Braven,sbravenb8@theatlantic.com,Male,122.7.105.240,0.85
406,Rhonda,Aspell,raspellb9@over-blog.com,Female,18.112.39.166,5.9
407,Yuri,Hazlewood,yhazlewoodba@163.com,Male,193.227.101.161,0.91
408,Correna,Fassan,cfassanbb@vimeo.com,Female,246.87.163.164,2.4.4
409,Dawna,Scoines,dscoinesbc@merriam-webster.com,Female,155.196.251.220,0.4.7
410,Augustine,MacNalley,amacnalleybd@wikispaces.com,Female,170.38.16.74,7.3.5
411,Mei,Mattingley,mmattingleybe@mediafire.com,Female,204.52.32.169,0.16
412,Hillier,Nurcombe,hnurcombebf@freewebs.com,Male,48.210.32.28,4.6.2
413,Sarette,Duffett,sduffettbg@newyorker.com,Female,185.210.205.225,0.30
414,Bobbette,Bedenham,bbedenhambh@t.co,Female,19.237.12.45,9.0
415,Jemimah,Vawton,jvawtonbi@foxnews.com,Female,128.255.173.146,5.1.8
416,Jeanine,Hulett,jhulettbj@examiner.com,Female,51.133.26.173,6.9.5
417,Wynne,Kahler,wkahlerbk@nps.gov,Female,188.148.195.75,0.14
418,Codi,Caldero,ccalderobl@liveinternet.ru,Male,218.160.255.243,2.0
419,Temp,Buttfield,tbuttfieldbm@sina.com.cn,Male,35.46.98.124,0.21
420,Bartholomeus,Colleran,bcolleranbn@mac.com,Male,254.23.139.120,0.54
421,Toiboid,Checklin,tchecklinbo@latimes.com,Male,33.144.77.102,8.94
422,Natalya,Bullas,nbullasbp@marriott.com,Female,170.1.23.234,0.34
423,Corbet,Kehir,ckehirbq@wsj.com,Male,51.21.20.139,1.6.4
424,Elaine,Ipsgrave,eipsgravebr@typepad.com,Female,190.117.218.212,7.3.3
425,Agretha,Sullivan,asullivanbs@msu.edu,Female,216.37.25.35,8.5.7
426,Thane,Monier,tmonierbt@ted.com,Male,63.80.70.222,0.51
427,Bernadina,Siviter,bsiviterbu@redcross.org,Female,173.187.168.96,6.1.1
428,Fanny,Harmour,fharmourbv@miibeian.gov.cn,Female,177.180.153.236,0.3.4
429,Ingmar,Gregine,igreginebw@goo.ne.jp,Male,101.43.95.31,1.54
430,Daisey,Brantl,dbrantlbx@nhs.uk,Female,158.206.162.112,3.77
431,Neall,Humberstone,nhumberstoneby@dagondesign.com,Male,104.115.55.154,0.4.6
432,Caro,Kirtley,ckirtleybz@sohu.com,Female,102.24.36.103,5.0
433,Sandro,Delgaty,sdelgatyc0@printfriendly.com,Male,119.33.80.54,1.6.8
434,Cos,Dahlberg,cdahlbergc1@dell.com,Male,159.30.181.69,0.93
435,Devonna,Basterfield,dbasterfieldc2@woothemes.com,Female,218.247.202.199,2.8
436,Dannye,Vasilik,dvasilikc3@cafepress.com,Female,24.198.148.19,0.6.9
437,Arv,Chennells,achennellsc4@economist.com,Male,141.174.228.148,0.5.2
438,Neala,Tisor,ntisorc5@multiply.com,Female,252.125.183.248,7.8
439,Frasco,Yashin,fyashinc6@biblegateway.com,Male,159.227.228.187,0.3.0
440,Orelle,Clements,oclementsc7@aboutads.info,Female,191.90.174.25,0.99
441,Adeline,Duns,adunsc8@auda.org.au,Female,170.207.76.188,0.67
442,Ariela,Dowey,adoweyc9@sourceforge.net,Female,9.20.183.142,7.4.8
443,Elsie,Warriner,ewarrinerca@t.co,Female,63.70.36.84,8.9.0
444,Hyacinthe,Blei,hbleicb@amazon.co.uk,Female,50.187.198.25,6.7
445,Jessey,Vigne,jvignecc@intel.com,Male,75.252.106.132,8.75
446,Ashly,Genner,agennercd@weibo.com,Female,67.208.234.211,8.1.3
447,Lucita,Prest,lprestce@sogou.com,Female,48.104.229.2,0.99
448,Babita,Scadding,bscaddingcf@wikipedia.org,Female,242.48.204.113,9.71
449,Reamonn,Embling,remblingcg@independent.co.uk,Male,40.231.89.135,0.93
450,Marijn,Giggs,mgiggsch@histats.com,Male,165.200.23.27,1.11
451,Arley,Goby,agobyci@merriam-webster.com,Male,79.213.180.209,0.20
452,Jesselyn,McCague,jmccaguecj@sakura.ne.jp,Female,203.194.233.200,3.5
453,Bob,Whyke,bwhykeck@xinhuanet.com,Male,118.68.249.215,0.1.2
454,Libbie,Ovett,lovettcl@people.com.cn,Female,76.67.65.202,9.56
455,Maude,Blenkiron,mblenkironcm@ustream.tv,Female,170.26.199.41,7.6.4
456,Dorelle,Simmans,dsimmanscn@psu.edu,Female,11.243.175.210,3.55
457,Jody,M'Quharge,jmquhargeco@cisco.com,Male,254.121.225.201,5.3.1
458,Flossy,Priden,fpridencp@cisco.com,Female,126.208.178.125,1.2
459,Jordan,Dominichetti,jdominichetticq@nps.gov,Male,112.43.138.249,0.1.4
460,Hill,Philcott,hphilcottcr@google.ru,Male,130.124.224.212,0.48
461,Justinn,McCutcheon,jmccutcheoncs@forbes.com,Female,71.15.230.162,0.79
462,Berrie,Clynmans,bclynmansct@businessinsider.com,Female,248.66.54.176,5.6
463,Zolly,Klouz,zklouzcu@acquirethisname.com,Male,188.236.247.192,8.5
464,Carlye,Polfer,cpolfercv@tuttocitta.it,Female,103.159.225.226,0.3.4
465,Vinni,Tonna,vtonnacw@liveinternet.ru,Female,8.31.189.89,2.5.0
466,Neila,Polamontayne,npolamontaynecx@posterous.com,Female,52.126.180.64,2.04
467,Enrika,Danzey,edanzeycy@cnn.com,Female,133.56.128.122,0.14
468,Kellina,Petz,kpetzcz@yahoo.com,Female,63.125.70.34,0.5.8
469,Melodie,McMaster,mmcmasterd0@alexa.com,Female,116.132.184.187,0.96
470,Charlean,MacEllen,cmacellend1@unblog.fr,Female,87.185.243.13,8.64
471,Thatch,Licence,tlicenced2@wikimedia.org,Male,24.251.94.228,3.8.4
472,Jenda,Denecamp,jdenecampd3@behance.net,Female,123.27.226.201,9.9.0
473,Corabel,Ellif,cellifd4@un.org,Female,86.176.2.13,0.5.5
474,Sharai,Stowell,sstowelld5@state.tx.us,Female,235.65.253.80,1.92
475,Murdoch,Southard,msouthardd6@dion.ne.jp,Male,22.243.218.87,7.6
476,Shelden,Skinley,sskinleyd7@exblog.jp,Male,202.35.54.250,9.1.6
477,Scot,Dewdeny,sdewdenyd8@bloglines.com,Male,165.193.118.125,0.3.3
478,Dall,Castagnasso,dcastagnassod9@blogger.com,Male,242.66.130.171,5.69
479,Latrena,Sobey,lsobeyda@indiatimes.com,Female,172.225.129.123,5.4.8
480,Aprilette,Harper,aharperdb@example.com,Female,135.109.183.169,0.55
481,Tedra,Antley,tantleydc@dailymotion.com,Female,220.148.88.19,1.0
482,Marylynne,Vant,mvantdd@cnbc.com,Female,31.100.65.83,0.27
483,Amitie,Dowker,adowkerde@oaic.gov.au,Female,116.106.49.18,0.7.0
484,Glendon,Varian,gvariandf@hugedomains.com,Male,16.51.205.147,0.22
485,Theodosia,Saberton,tsabertondg@alibaba.com,Female,92.78.137.56,2.8
486,Keir,Kaliszewski,kkaliszewskidh@reference.com,Male,111.21.110.202,0.93
487,Robinet,Cianelli,rcianellidi@prweb.com,Male,99.117.31.1,0.27
488,Vick,Bauer,vbauerdj@vistaprint.com,Male,3.177.142.29,0.7.1
489,Meryl,Forrestall,mforrestalldk@4shared.com,Female,153.239.135.23,9.93
490,Wald,Reynish,wreynishdl@blogspot.com,Male,243.175.168.235,9.1
491,Padget,Walicki,pwalickidm@t.co,Male,215.197.11.20,1.1
492,Quinlan,O'Scannill,qoscannilldn@buzzfeed.com,Male,223.51.11.31,0.78
493,Avery,Ubsdell,aubsdelldo@loc.gov,Male,100.65.150.122,0.63
494,Dory,D'Oyly,ddoylydp@feedburner.com,Female,5.21.61.164,3.90
495,Kenon,Nanson,knansondq@reddit.com,Male,86.160.13.139,6.1.3
496,Stefa,Olivello,solivellodr@usatoday.com,Female,31.44.99.246,0.86
497,Bee,Presswell,bpresswellds@etsy.com,Female,112.45.223.85,1.0.4
498,Florella,Adan,fadandt@icq.com,Female,76.31.255.12,9.5
499,Rickie,Kelway,rkelwaydu@webmd.com,Female,89.88.239.232,0.48
500,Bendite,Tommasetti,btommasettidv@ezinearticles.com,Female,96.0.213.191,6.1.8
501,Abbott,Attwater,aattwaterdw@discovery.com,Male,232.227.232.129,0.5.8
502,Drud,Dedden,ddeddendx@thetimes.co.uk,Male,32.212.207.22,4.1
503,Lucina,Houtby,lhoutbydy@edublogs.org,Female,103.131.131.43,0.26
504,Fawn,Jurczak,fjurczakdz@wired.com,Female,189.191.171.98,1.64
505,Janenna,Griffey,jgriffeye0@webs.com,Female,81.57.177.194,7.05
506,Corbet,Friett,cfriette1@google.nl,Male,215.126.183.61,0.9.9
507,Abdel,Howat,ahowate2@soup.io,Male,32.84.170.145,0.9.4
508,Piotr,Allcroft,pallcrofte3@feedburner.com,Male,8.49.191.218,8.3
509,Rafael,Lethbury,rlethburye4@usnews.com,Male,61.231.174.226,6.9.3
510,Abbot,Leil,aleile5@cargocollective.com,Male,119.167.95.254,8.3.8
511,Doro,Simnett,dsimnette6@springer.com,Female,76.4.230.191,3.15
512,Aura,Mawhinney,amawhinneye7@hexun.com,Female,249.78.69.36,0.19
513,Jason,Larkcum,jlarkcume8@freewebs.com,Male,223.161.60.129,1.6.7
514,Eugenius,Joubert,ejouberte9@geocities.com,Male,243.157.69.64,0.56
515,Mala,Huertas,mhuertasea@chron.com,Female,246.159.170.119,1.8.8
516,Marjy,Philippson,mphilippsoneb@e-recht24.de,Female,150.141.179.22,6.9.1
517,Oliviero,Mesnard,omesnardec@google.pl,Male,156.69.76.106,8.8.5
518,Mathias,Jakov,mjakoved@usnews.com,Male,121.113.220.127,0.4.5
519,Coleman,Pomfret,cpomfretee@sakura.ne.jp,Male,156.66.145.181,2.7
520,Dana,Coll,dcollef@ihg.com,Female,46.26.232.131,6.6
521,Tamar,Pougher,tpoughereg@loc.gov,Female,233.49.196.23,3.3
522,Bart,Mateiko,bmateikoeh@comsenz.com,Male,122.79.68.69,1.9.0
523,Alys,Dallicoat,adallicoatei@cyberchimps.com,Female,161.175.28.15,0.45
524,Brocky,Huckel,bhuckelej@xing.com,Male,102.251.225.66,0.3.5
525,Rania,Aizikov,raizikovek@jugem.jp,Female,84.121.230.10,0.7.6
526,Nevile,Umpleby,numplebyel@ehow.com,Male,71.16.243.109,8.2
527,Karolina,Shale,kshaleem@alexa.com,Female,51.64.108.135,0.9.7
528,Benedict,Fumagalli,bfumagallien@npr.org,Male,134.201.111.216,2.3
529,Linnet,Brambley,lbrambleyeo@smugmug.com,Female,215.47.14.161,4.43
530,Lauree,Savery,lsaveryep@reuters.com,Female,107.120.156.191,0.23
531,Faber,Kleinmann,fkleinmanneq@mail.ru,Male,211.8.95.128,3.58
532,Miller,Leither,mleitherer@irs.gov,Male,207.211.233.171,5.05
533,Gleda,Sergant,gsergantes@shinystat.com,Female,36.128.80.204,0.4.2
534,Odille,Cuseck,ocusecket@myspace.com,Female,34.187.116.10,0.22
535,Judd,Aspinal,jaspinaleu@bloomberg.com,Male,238.106.60.227,4.60
536,James,Biagini,jbiaginiev@opera.com,Male,190.155.65.95,0.1.3
537,Winnifred,Sandever,wsandeverew@jalbum.net,Female,16.247.164.34,0.81
538,Eddi,Jurgensen,ejurgensenex@biglobe.ne.jp,Female,17.246.47.226,0.18
539,Hyacinthia,Grigorescu,hgrigorescuey@scribd.com,Female,212.217.127.128,2.6
540,Brooke,Harryman,bharrymanez@github.io,Female,231.70.152.87,0.5.7
541,Ruby,Morad,rmoradf0@seattletimes.com,Male,61.201.228.69,7.7.6
542,Jacenta,Ostler,jostlerf1@cnbc.com,Female,236.232.146.227,6.4
543,Yul,Salan,ysalanf2@nationalgeographic.com,Male,227.6.17.32,4.0
544,Demetris,Lebrun,dlebrunf3@webeden.co.uk,Female,136.167.145.128,1.52
545,Michaela,Venton,mventonf4@dailymotion.com,Female,126.116.197.27,0.12
546,Rudolfo,Rother,rrotherf5@1und1.de,Male,164.102.92.49,1.6.2
547,Susanne,Nuzzti,snuzztif6@unc.edu,Female,106.21.172.110,4.4.6
548,Melinde,O'Conor,moconorf7@kickstarter.com,Female,130.63.98.64,0.8.6
549,Odie,Boniface,obonifacef8@artisteer.com,Male,145.107.43.74,1.6.4
550,Madelina,Ernshaw,mernshawf9@washingtonpost.com,Female,50.25.43.175,0.2.5
551,Rianon,Sinderson,rsindersonfa@columbia.edu,Female,182.44.51.171,1.0
552,Mervin,McGurgan,mmcgurganfb@wufoo.com,Male,95.88.77.226,0.86
553,Rasia,Fletham,rflethamfc@uol.com.br,Female,79.74.216.245,3.04
554,Theresita,Corwood,tcorwoodfd@icio.us,Female,225.24.43.37,4.2.9
555,Mikey,MacCarrick,mmaccarrickfe@facebook.com,Male,246.40.162.40,0.26
556,Ham,Hendin,hhendinff@yellowbook.com,Male,104.170.193.69,1.7.6
557,Mathian,Willoughley,mwilloughleyfg@shop-pro.jp,Male,100.110.211.209,6.21
558,Pet,Yurygyn,pyurygynfh@bbb.org,Female,93.133.212.107,8.0.7
559,Ricca,Pursglove,rpursglovefi@reverbnation.com,Female,255.253.106.170,0.8.9
560,Elysha,Duckels,educkelsfj@globo.com,Female,105.156.33.189,0.2.5
561,Vite,Luff,vlufffk@bbc.co.uk,Male,220.76.178.48,6.89
562,Quintin,Smitham,qsmithamfl@reverbnation.com,Male,90.1.79.148,3.6
563,Linnea,Yandell,lyandellfm@icio.us,Female,73.33.246.52,0.25
564,Gifford,Waye,gwayefn@google.fr,Male,189.156.54.66,6.04
565,Walt,Peres,wperesfo@ucoz.com,Male,171.4.88.219,0.3.7
566,Leola,Verillo,lverillofp@elegantthemes.com,Female,10.240.147.169,0.7.0
567,Reuben,Sleightholm,rsleightholmfq@sitemeter.com,Male,109.247.180.140,9.1
568,Fransisco,McDougall,fmcdougallfr@geocities.com,Male,60.227.56.124,0.1.6
569,Bonnibelle,Tollerfield,btollerfieldfs@blogger.com,Female,105.7.116.130,0.56
570,Garold,Kobieriecki,gkobierieckift@auda.org.au,Male,220.171.6.236,2.0.0
571,See,Garrish,sgarrishfu@google.nl,Male,83.178.180.31,6.7
572,Salvador,Saleway,ssalewayfv@utexas.edu,Male,180.242.48.181,2.8
573,Ronald,Barthod,rbarthodfw@accuweather.com,Male,229.152.245.21,1.11
574,Demetri,Conniam,dconniamfx@nydailynews.com,Male,27.137.42.204,3.8.5
575,Debbi,Brimelow,dbrimelowfy@java.com,Female,98.86.180.58,6.45
576,Marigold,Klemensiewicz,mklemensiewiczfz@theguardian.com,Female,38.154.168.106,4.2
577,Roobbie,Winterflood,rwinterfloodg0@cam.ac.uk,Female,190.98.153.141,5.0
578,Sybil,Charer,scharerg1@blogspot.com,Female,71.151.116.44,9.51
579,Cindie,Robinette,crobinetteg2@google.co.uk,Female,11.34.212.182,9.24
580,Barde,McKeller,bmckellerg3@webeden.co.uk,Male,171.45.235.146,9.73
581,Tootsie,Galtone,tgaltoneg4@huffingtonpost.com,Female,14.103.61.134,7.8.9
582,Temple,Butterick,tbutterickg5@washingtonpost.com,Male,254.56.142.187,1.17
583,Agustin,Fayer,afayerg6@ycombinator.com,Male,243.234.113.237,0.1.2
584,Cedric,Paolini,cpaolinig7@google.pl,Male,163.66.140.39,0.1.0
585,Corena,Addicote,caddicoteg8@qq.com,Female,187.169.172.185,4.5.6
586,Ingeberg,McNellis,imcnellisg9@edublogs.org,Female,224.125.158.110,0.4.8
587,Ody,Sifleet,osifleetga@blinklist.com,Male,89.3.150.142,0.5.8
588,Audrye,Bransdon,abransdongb@whitehouse.gov,Female,215.200.175.6,8.36
589,Berkeley,Sindle,bsindlegc@liveinternet.ru,Male,77.231.99.120,0.21
590,Eal,Nazer,enazergd@dot.gov,Male,171.72.167.48,2.1.3
591,Joly,Kilmaster,jkilmasterge@ftc.gov,Female,18.129.208.15,0.88
592,Frants,Rowdell,frowdellgf@so-net.ne.jp,Male,72.240.128.83,7.05
593,Mitchel,Romer,mromergg@army.mil,Male,183.10.117.193,3.5
594,Stevy,Ewbanck,sewbanckgh@mediafire.com,Male,186.255.214.160,2.81
595,Blake,Culverhouse,bculverhousegi@trellian.com,Male,202.159.32.90,0.7.6
596,Arturo,Gehring,agehringgj@goodreads.com,Male,125.146.184.157,2.0
597,Onfre,Garrique,ogarriquegk@live.com,Male,54.12.40.106,8.32
598,Carol-jean,Sellen,csellengl@wordpress.com,Female,83.2.179.49,0.92
599,Patience,Janoschek,pjanoschekgm@bloomberg.com,Female,168.68.49.55,1.3
600,Leontyne,MacFayden,lmacfaydengn@dyndns.org,Female,230.48.220.227,0.99
601,Zacherie,Samme,zsammego@indiegogo.com,Male,107.183.31.71,2.7.3
602,Reade,Rackstraw,rrackstrawgp@storify.com,Male,155.92.214.200,3.06
603,Casper,Teece,cteecegq@nytimes.com,Male,180.164.202.39,5.0
604,Rutger,Kempson,rkempsongr@ow.ly,Male,13.251.145.47,0.12
605,Patsy,Mallard,pmallardgs@reverbnation.com,Female,206.112.1.244,8.2
606,Barnett,Bursnall,bbursnallgt@acquirethisname.com,Male,136.66.35.169,8.80
607,Lara,Frankcom,lfrankcomgu@pcworld.com,Female,108.149.223.221,6.2.2
608,Verney,Copplestone,vcopplestonegv@google.ru,Male,121.30.245.232,3.3
609,Emmy,Grimestone,egrimestonegw@360.cn,Male,164.226.218.57,5.8.3
610,Gabriele,Vossgen,gvossgengx@infoseek.co.jp,Male,144.83.89.94,3.18
611,Tanitansy,Beckinsale,tbeckinsalegy@webnode.com,Female,233.244.222.105,0.2.7
612,Malvin,Zavattiero,mzavattierogz@360.cn,Male,93.116.83.157,1.6.6
613,Ethe,Gander,eganderh0@about.me,Male,15.217.206.208,4.36
614,Ki,Towhey,ktowheyh1@usa.gov,Female,223.236.66.105,3.1
615,Gerhardine,Wybron,gwybronh2@cargocollective.com,Female,142.94.140.116,9.84
616,Cody,Robuchon,crobuchonh3@wikia.com,Male,3.199.219.118,7.49
617,Koren,Sollner,ksollnerh4@smugmug.com,Female,122.1.221.111,0.1.3
618,Guillaume,Allwood,gallwoodh5@adobe.com,Male,131.100.250.133,9.3.0
619,Brenden,Palluschek,bpalluschekh6@smh.com.au,Male,220.35.94.107,0.9.8
620,Anselm,Betjes,abetjesh7@ow.ly,Male,90.103.31.54,0.5.3
621,Lawrence,Duffree,lduffreeh8@mozilla.org,Male,227.86.169.210,0.8.2
622,Valene,Stovell,vstovellh9@yandex.ru,Female,191.231.107.128,0.4.6
623,Henryetta,Kynett,hkynettha@tamu.edu,Female,115.99.190.218,3.1
624,Thorsten,Burgess,tburgesshb@parallels.com,Male,179.40.138.12,0.84
625,Tam,Organ,torganhc@marriott.com,Male,64.53.75.48,7.25
626,Raoul,Ondra,rondrahd@topsy.com,Male,152.196.150.197,0.30
627,Merrick,Hallard,mhallardhe@technorati.com,Male,18.111.177.176,5.1
628,Madalyn,Calan,mcalanhf@dailymotion.com,Female,22.224.2.55,0.3.6
629,Eada,Batcock,ebatcockhg@dedecms.com,Female,160.147.33.29,1.73
630,Brina,Bellay,bbellayhh@tripod.com,Female,184.59.255.56,9.2.6
631,Sheila-kathryn,Manske,smanskehi@webs.com,Female,62.190.223.79,0.3.9
632,Kimball,Siegertsz,ksiegertszhj@dedecms.com,Male,107.198.239.255,9.8
633,Malory,Talks,mtalkshk@domainmarket.com,Female,74.10.250.240,1.8.6
634,Tammie,Branston,tbranstonhl@bloomberg.com,Male,26.218.113.44,5.9
635,Lindi,Symons,lsymonshm@ebay.co.uk,Female,52.221.31.85,9.5.1
636,Romy,Belshaw,rbelshawhn@sohu.com,Female,161.235.140.156,9.7
637,Nickie,Cottam,ncottamho@nhs.uk,Male,240.231.9.193,8.3.3
638,Sigismund,St. Quintin,sstquintinhp@gmpg.org,Male,243.85.117.153,6.2
639,Carleton,Pickhaver,cpickhaverhq@accuweather.com,Male,113.186.14.154,5.6.8
640,Rebeka,Swyn,rswynhr@auda.org.au,Female,242.33.183.39,5.6.7
641,Paulie,Willard,pwillardhs@stanford.edu,Male,207.82.125.96,0.9.5
642,Selena,Vials,svialsht@home.pl,Female,14.4.250.90,8.2
643,Carmel,Colquhoun,ccolquhounhu@nih.gov,Female,175.217.188.90,0.64
644,Traver,Hirsch,thirschhv@infoseek.co.jp,Male,122.6.244.162,9.5.9
645,Clevie,MacDowall,cmacdowallhw@blinklist.com,Male,254.154.227.197,9.3.0
646,Pauly,Peasegood,ppeasegoodhx@fotki.com,Female,199.21.223.136,2.4
647,Zacharias,Manger,zmangerhy@cbc.ca,Male,99.147.138.92,9.5.9
648,Loydie,Cahen,lcahenhz@imdb.com,Male,29.66.133.7,7.54
649,Georgi,Winear,gwineari0@stumbleupon.com,Male,185.240.62.168,0.7.9
650,Hamish,Kidde,hkiddei1@yolasite.com,Male,216.112.249.46,1.4
651,Cully,Spacie,cspaciei2@free.fr,Male,192.170.153.155,8.60
652,Lindy,Cricket,lcricketi3@unicef.org,Female,11.52.65.198,8.2.2
653,Meridel,Nelhams,mnelhamsi4@example.com,Female,192.150.39.21,9.4
654,Larisa,Della Scala,ldellascalai5@ehow.com,Female,216.73.245.198,1.3
655,Caria,Etty,cettyi6@blog.com,Female,109.8.78.71,5.61
656,Billy,Slevin,bslevini7@princeton.edu,Male,248.193.37.143,2.4
657,Donica,Robinett,drobinetti8@arizona.edu,Female,148.64.159.254,5.70
658,Barthel,Gudyer,bgudyeri9@mit.edu,Male,91.186.56.158,5.0
659,Theo,Dawney,tdawneyia@scribd.com,Male,118.54.103.90,0.5.0
660,Brose,Seyler,bseylerib@wikimedia.org,Male,138.139.197.140,0.3.4
661,Gisella,Bickley,gbickleyic@chron.com,Female,70.168.72.234,6.5
662,Neila,Brooker,nbrookerid@phoca.cz,Female,49.82.205.38,1.4
663,Tracy,Lambal,tlambalie@istockphoto.com,Female,239.63.106.21,5.4
664,Melloney,Downe,mdowneif@e-recht24.de,Female,52.75.195.5,0.4.1
665,Wilmette,Phipard-Shears,wphipardshearsig@i2i.jp,Female,168.172.96.76,0.7.5
666,Renault,Mabbott,rmabbottih@ovh.net,Male,211.147.241.243,2.9.2
667,Olivie,Summerfield,osummerfieldii@nyu.edu,Female,41.197.9.230,0.1.7
668,Manolo,Goane,mgoaneij@networksolutions.com,Male,194.195.96.129,1.73
669,Leif,Thomazet,lthomazetik@qq.com,Male,19.161.128.212,9.52
670,Jolyn,Bilbie,jbilbieil@about.com,Female,209.147.144.106,8.9.4
671,Zaneta,Duddell,zduddellim@devhub.com,Female,78.215.142.151,0.2.6
672,Titus,Grundon,tgrundonin@mac.com,Male,182.196.233.242,3.38
673,Valli,Posen,vposenio@usda.gov,Female,232.116.44.249,1.2
674,Alfy,Mallabone,amallaboneip@geocities.com,Female,29.34.57.24,1.67
675,Marci,Allitt,mallittiq@google.co.uk,Female,252.73.188.248,0.61
676,Aaron,Hummerston,ahummerstonir@hao123.com,Male,153.218.226.12,0.6.3
677,Onfre,Rayer,orayeris@comsenz.com,Male,212.34.211.33,4.1
678,Georgia,Pitcock,gpitcockit@patch.com,Female,150.114.38.180,5.9.8
679,Grissel,Wragge,gwraggeiu@reddit.com,Female,58.48.221.151,6.3
680,Warner,Tombs,wtombsiv@liveinternet.ru,Male,73.57.145.45,7.9
681,Harley,Mazella,hmazellaiw@alexa.com,Male,129.84.124.137,0.3.9
682,Hermy,Dongate,hdongateix@163.com,Male,72.143.201.38,0.42
683,Benni,Jozef,bjozefiy@telegraph.co.uk,Female,191.183.99.149,8.18
684,Ragnar,Walak,rwalakiz@domainmarket.com,Male,139.162.43.134,0.3.9
685,Alix,McCaskell,amccaskellj0@salon.com,Male,142.1.9.14,0.48
686,Deedee,Jephson,djephsonj1@mapy.cz,Female,107.11.112.1,0.29
687,Margette,Rydings,mrydingsj2@senate.gov,Female,203.149.115.144,3.3.3
688,Aurea,Ramelet,arameletj3@dropbox.com,Female,228.20.250.68,1.81
689,Arabela,Toulmin,atoulminj4@amazon.co.uk,Female,3.248.123.113,1.3.2
690,Myrna,Kevlin,mkevlinj5@dailymail.co.uk,Female,140.228.37.217,4.3
691,Zeb,Trewinnard,ztrewinnardj6@posterous.com,Male,220.67.40.67,7.1
692,Mickie,Ollivier,mollivierj7@mtv.com,Male,203.242.33.218,0.72
693,Austine,Laycock,alaycockj8@so-net.ne.jp,Female,167.174.114.253,9.6.5
694,Burlie,Chatin,bchatinj9@tuttocitta.it,Male,214.167.91.147,7.3
695,Julienne,Dutchburn,jdutchburnja@who.int,Female,194.81.88.162,5.99
696,Jessa,O'Hannen,johannenjb@nsw.gov.au,Female,203.198.134.75,0.60
697,Antin,Serman,asermanjc@cyberchimps.com,Male,234.178.244.102,4.3.5
698,Sterling,Bunkle,sbunklejd@ucla.edu,Male,60.115.237.70,0.6.8
699,Ban,Hazley,bhazleyje@360.cn,Male,40.64.119.36,0.27
700,Helga,Tidcomb,htidcombjf@pcworld.com,Female,20.68.54.33,6.66
701,Leigh,Laxe,llaxejg@github.io,Male,151.77.210.233,5.0.7
702,Diane-marie,Galego,dgalegojh@domainmarket.com,Female,24.235.252.226,6.50
703,Burnaby,Joire,bjoireji@domainmarket.com,Male,154.14.155.37,1.94
704,Marilyn,Heinschke,mheinschkejj@wikispaces.com,Female,232.199.179.134,0.3.1
705,Gerty,Underdown,gunderdownjk@pcworld.com,Female,226.179.29.191,0.7.1
706,Joe,Fitzhenry,jfitzhenryjl@reuters.com,Male,227.65.231.221,3.29
707,Garland,Illes,gillesjm@rambler.ru,Female,61.1.43.26,3.9.0
708,Corbie,Brandin,cbrandinjn@cloudflare.com,Male,209.113.58.231,5.77
709,Francene,Greengrass,fgreengrassjo@cbc.ca,Female,209.174.228.90,4.52
710,Hubie,Ionn,hionnjp@xrea.com,Male,239.175.197.138,6.2.7
711,Elfrida,Keston,ekestonjq@omniture.com,Female,150.254.129.199,3.56
712,Adoree,Furminger,afurmingerjr@msn.com,Female,112.87.122.44,5.39
713,Ariadne,Semble,asemblejs@un.org,Female,203.60.63.204,7.5
714,Gabbie,Carbert,gcarbertjt@chicagotribune.com,Female,187.39.239.41,0.2.1
715,Robin,Niess,rniessju@jugem.jp,Male,116.246.56.226,0.4.4
716,Serena,Barlow,sbarlowjv@ftc.gov,Female,97.195.238.66,0.72
717,Gussie,Bartelot,gbartelotjw@opensource.org,Female,99.210.154.201,2.5
718,Seana,Cadalleder,scadallederjx@omniture.com,Female,63.157.144.65,0.3.0
719,Ewen,Pitrelli,epitrellijy@sourceforge.net,Male,182.15.145.10,0.82
720,Devon,Arzu,darzujz@amazon.com,Female,51.168.208.242,0.8.0
721,Reuben,McGorman,rmcgormank0@usa.gov,Male,170.20.102.223,8.6.9
722,Gene,Gaskarth,ggaskarthk1@google.ru,Female,80.116.107.55,3.6.7
723,Deny,Worrill,dworrillk2@whitehouse.gov,Female,184.109.156.242,4.0
724,Maurizio,Pendlenton,mpendlentonk3@simplemachines.org,Male,238.23.207.30,5.1
725,Kenna,Randales,krandalesk4@nbcnews.com,Female,75.1.10.252,4.9
726,Bren,Poland,bpolandk5@51.la,Female,113.79.124.62,2.6
727,Milton,Spowage,mspowagek6@livejournal.com,Male,58.53.35.98,0.8.0
728,Tucker,Mattisssen,tmattisssenk7@paypal.com,Male,79.141.239.250,3.31
729,Joletta,Tuson,jtusonk8@state.gov,Female,141.71.132.146,0.38
730,Byrom,Marsters,bmarstersk9@illinois.edu,Male,143.68.180.206,7.86
731,Brook,Griss,bgrisska@nationalgeographic.com,Male,24.218.229.47,9.6
732,Emmalee,Marns,emarnskb@dropbox.com,Female,73.89.193.86,0.1.0
733,Richie,Peet,rpeetkc@amazonaws.com,Male,159.200.102.79,4.7
734,Linnell,Dunbobin,ldunbobinkd@princeton.edu,Female,90.240.178.60,0.8.8
735,Harmonie,Carress,hcarresske@guardian.co.uk,Female,10.61.164.56,8.6.6
736,Tanya,Reven,trevenkf@miibeian.gov.cn,Female,11.83.63.54,2.9.5
737,Charline,Potebury,cpoteburykg@xrea.com,Female,99.243.83.111,8.1
738,Leigha,McAvaddy,lmcavaddykh@odnoklassniki.ru,Female,48.225.159.140,2.86
739,Lionello,Rosenblad,lrosenbladki@rakuten.co.jp,Male,112.210.21.103,0.3.0
740,Vail,Delmonti,vdelmontikj@edublogs.org,Male,50.95.183.112,0.7.7
741,Max,Shewery,mshewerykk@e-recht24.de,Male,82.219.36.229,4.11
742,Kanya,Feary,kfearykl@a8.net,Female,131.32.193.9,6.25
743,Liana,Airy,lairykm@123-reg.co.uk,Female,66.44.139.58,0.99
744,Orren,Scay,oscaykn@imdb.com,Male,98.105.189.65,9.5.7
745,Dehlia,Rebeiro,drebeiroko@hostgator.com,Female,119.96.209.58,8.7
746,Bambi,Colicot,bcolicotkp@sakura.ne.jp,Female,154.29.103.97,9.1
747,Olag,Prop,opropkq@e-recht24.de,Male,120.57.167.31,3.18
748,Davin,Matisse,dmatissekr@cmu.edu,Male,144.12.95.195,0.90
749,Cliff,Luberti,clubertiks@dyndns.org,Male,111.39.115.63,3.48
750,Fannie,Ryan,fryankt@sitemeter.com,Female,162.77.238.5,1.1.4
751,Prue,Cleen,pcleenku@gravatar.com,Female,117.166.172.103,6.2.6
752,Allin,Gouny,agounykv@ucoz.com,Male,163.215.117.171,5.37
753,Fianna,Hamberstone,fhamberstonekw@phoca.cz,Female,6.213.206.98,0.6.3
754,Lovell,Hacun,lhacunkx@people.com.cn,Male,78.162.100.188,0.2.5
755,Goldie,Haley,ghaleyky@free.fr,Female,16.128.37.0,0.6.8
756,Sonnie,Stripling,sstriplingkz@livejournal.com,Male,86.45.201.173,0.59
757,Danella,Mechem,dmecheml0@facebook.com,Female,63.64.35.205,7.37
758,Gilberto,Ceaser,gceaserl1@army.mil,Male,226.10.226.107,0.87
759,Sean,Yakuntzov,syakuntzovl2@imgur.com,Male,46.31.142.216,7.5
760,Nickola,Laugherane,nlaugheranel3@naver.com,Male,182.7.208.7,1.2.7
761,Aundrea,Rushmare,arushmarel4@microsoft.com,Female,18.247.227.24,2.04
762,Flory,Grishankov,fgrishankovl5@eventbrite.com,Female,147.81.163.62,7.2
763,Fallon,McKevin,fmckevinl6@cnet.com,Female,167.87.20.161,1.21
764,Nappie,Allchorn,nallchornl7@utexas.edu,Male,42.227.12.91,0.3.9
765,Nicolai,Babington,nbabingtonl8@weather.com,Male,202.232.74.202,1.97
766,Katerina,Scurry,kscurryl9@mlb.com,Female,108.233.159.135,5.4.7
767,Millard,Tabourier,mtabourierla@booking.com,Male,100.225.248.179,0.38
768,Kari,Dooher,kdooherlb@google.es,Female,68.24.200.21,9.8
769,Shae,Guittet,sguittetlc@sbwire.com,Male,198.112.106.193,0.9.8
770,Gonzales,Fermer,gfermerld@wiley.com,Male,218.17.241.89,0.89
771,Eleonore,Kubes,ekubesle@github.io,Female,146.232.102.52,1.4
772,Carrissa,Prestidge,cprestidgelf@sciencedaily.com,Female,10.155.229.46,0.90
773,Wynny,Ivain,wivainlg@mail.ru,Female,247.145.146.99,0.79
774,Panchito,Spearing,pspearinglh@moonfruit.com,Male,187.166.242.196,8.4.6
775,Bord,Rupp,bruppli@reuters.com,Male,208.179.58.6,0.52
776,Tades,Justis,tjustislj@discovery.com,Male,63.30.126.109,1.75
777,Conn,Brydell,cbrydelllk@utexas.edu,Male,155.231.102.39,0.44
778,Sly,Charleston,scharlestonll@icq.com,Male,80.100.39.63,6.3
779,Candice,Abela,cabelalm@ox.ac.uk,Female,246.161.78.62,3.5.1
780,Kurtis,Brasted,kbrastedln@weather.com,Male,44.236.71.108,0.7.9
781,Jarrad,Tomney,jtomneylo@dion.ne.jp,Male,230.146.92.92,1.4.9
782,Erda,Moulding,emouldinglp@admin.ch,Female,6.59.230.182,4.5
783,Kattie,Maltby,kmaltbylq@barnesandnoble.com,Female,31.147.99.139,5.5
784,Codie,Kingsbury,ckingsburylr@hp.com,Female,61.233.124.27,4.48
785,Dillon,Wildber,dwildberls@unblog.fr,Male,137.177.113.98,0.4.0
786,Rafi,Miners,rminerslt@prlog.org,Male,198.209.82.24,3.14
787,Turner,Curnok,tcurnoklu@marriott.com,Male,210.145.223.60,9.3.0
788,Sara-ann,Meconi,smeconilv@nih.gov,Female,184.134.138.128,4.19
789,Tommy,Sybbe,tsybbelw@webmd.com,Female,210.248.4.249,0.48
790,Reginald,Chisholme,rchisholmelx@etsy.com,Male,174.213.144.64,7.8
791,Aldridge,Wreak,awreakly@pagesperso-orange.fr,Male,143.182.82.72,3.8
792,Sarette,Kulis,skulislz@netscape.com,Female,205.217.19.113,0.5.7
793,Calla,Blasgen,cblasgenm0@people.com.cn,Female,62.217.3.205,6.2
794,Urbano,Abreheart,uabreheartm1@linkedin.com,Male,45.187.131.176,0.2.1
795,Claudia,Kasher,ckasherm2@ifeng.com,Female,230.91.181.193,0.45
796,Correna,Gagen,cgagenm3@phpbb.com,Female,2.44.96.96,0.6.1
797,Mariette,MacGarrity,mmacgarritym4@typepad.com,Female,246.134.27.41,5.5.8
798,Osborn,Balsom,obalsomm5@yahoo.co.jp,Male,255.167.222.20,6.0.2
799,Cori,Grim,cgrimm6@unicef.org,Female,112.102.39.120,5.8
800,Patin,Crowcher,pcrowcherm7@cyberchimps.com,Male,230.65.16.126,8.6
801,Currey,Waldron,cwaldronm8@apple.com,Male,218.146.69.42,9.75
802,Buiron,Keese,bkeesem9@imageshack.us,Male,4.144.58.123,7.5
803,Cchaddie,Dumingos,cdumingosma@usnews.com,Male,27.224.36.92,0.8.8
804,Lee,Jaskiewicz,ljaskiewiczmb@topsy.com,Male,30.193.111.111,5.8
805,Candi,Knight,cknightmc@cdc.gov,Female,7.83.137.1,0.29
806,Wood,Heavens,wheavensmd@gmpg.org,Male,251.8.147.238,9.2
807,Riordan,Dureden,rduredenme@gravatar.com,Male,133.200.70.27,9.1
808,Debora,Strang,dstrangmf@google.com.hk,Female,77.9.17.149,8.8
809,Thoma,Von Brook,tvonbrookmg@angelfire.com,Male,1.228.157.149,6.58
810,Melina,Ladyman,mladymanmh@photobucket.com,Female,216.224.158.94,0.9.4
811,Jermaine,Slimmon,jslimmonmi@dropbox.com,Female,126.132.75.20,2.97
812,Marline,Van Velde,mvanveldemj@fc2.com,Female,238.148.149.81,5.2.6
813,Gunner,Ascrofte,gascroftemk@nih.gov,Male,207.149.46.17,3.7
814,Roda,Crowcombe,rcrowcombeml@posterous.com,Female,122.199.100.80,1.83
815,Rasia,O' Meara,romearamm@about.com,Female,63.116.112.251,0.21
816,Lance,Kalinovich,lkalinovichmn@nih.gov,Male,47.123.65.80,9.85
817,Gladi,Athow,gathowmo@blogger.com,Female,37.4.58.105,6.6.7
818,Kalvin,Clift,kcliftmp@bigcartel.com,Male,48.114.7.208,0.13
819,Marj,Mallows,mmallowsmq@gravatar.com,Female,194.90.212.159,2.7.0
820,Vittorio,Wynn,vwynnmr@xrea.com,Male,79.211.49.173,0.96
821,Ruprecht,Crichton,rcrichtonms@netscape.com,Male,41.226.94.56,0.1.6
822,Iggy,Diamant,idiamantmt@odnoklassniki.ru,Male,206.165.149.209,7.41
823,Frannie,Fuentez,ffuentezmu@google.com,Female,190.217.188.128,3.8.8
824,Cello,Gosney,cgosneymv@blogspot.com,Male,183.172.99.190,0.9.1
825,Margarette,Tembey,mtembeymw@google.cn,Female,119.23.229.39,9.9.5
826,Wilbur,Rambadt,wrambadtmx@virginia.edu,Male,61.231.80.54,0.7.3
827,Carlynne,Goode,cgoodemy@wikipedia.org,Female,9.234.115.40,8.79
828,Marthena,Verriour,mverriourmz@wikimedia.org,Female,45.74.59.126,0.2.7
829,Isador,Rosendorf,irosendorfn0@slashdot.org,Male,67.79.86.24,0.6.4
830,Keene,Blackborough,kblackboroughn1@webeden.co.uk,Male,74.233.67.8,3.0
831,Pauli,Worledge,pworledgen2@imageshack.us,Female,76.216.159.117,5.1.8
832,Gerri,Rusted,grustedn3@goo.gl,Female,61.188.49.119,9.07
833,Shannen,Sandilands,ssandilandsn4@admin.ch,Female,84.61.15.6,2.8.2
834,Adaline,Tatlowe,atatlowen5@facebook.com,Female,152.40.88.38,2.3
835,Lauren,Guidone,lguidonen6@xrea.com,Female,26.153.246.251,3.87
836,Ches,Reisenstein,creisensteinn7@facebook.com,Male,156.101.180.131,5.1
837,Barty,Floyed,bfloyedn8@amazon.com,Male,162.173.15.191,5.3
838,Crissy,Aslen,caslenn9@squidoo.com,Female,71.201.162.73,2.01
839,Inesita,Ducket,iducketna@seattletimes.com,Female,135.205.8.153,9.9
840,Emili,Mulbry,emulbrynb@usgs.gov,Female,231.43.186.52,0.9.9
841,Gerry,Casseldine,gcasseldinenc@angelfire.com,Male,249.155.143.180,0.55
842,Alford,Fellgatt,afellgattnd@fotki.com,Male,164.141.17.211,0.9.5
843,Town,Cuttles,tcuttlesne@so-net.ne.jp,Male,20.224.48.67,9.6.2
844,Reidar,Garbett,rgarbettnf@timesonline.co.uk,Male,125.220.129.135,0.98
845,Ulrike,Barthelet,ubartheletng@whitehouse.gov,Female,222.187.95.234,0.6.6
846,Beauregard,Strank,bstranknh@apple.com,Male,28.137.161.146,9.2
847,Preston,Scudder,pscudderni@icio.us,Male,97.21.211.110,0.93
848,Deni,Axtell,daxtellnj@cpanel.net,Female,179.44.29.220,1.57
849,Bondy,Daouse,bdaousenk@sourceforge.net,Male,120.136.201.43,2.67
850,Jewel,Mayberry,jmayberrynl@1688.com,Female,186.81.15.89,0.62
851,Remus,Loghan,rloghannm@pinterest.com,Male,146.10.182.240,1.0
852,Neila,Cordy,ncordynn@tmall.com,Female,74.244.2.174,0.67
853,Margy,Tenpenny,mtenpennyno@umich.edu,Female,44.51.70.221,0.1.9
854,Juline,Garatty,jgarattynp@businessinsider.com,Female,40.105.54.127,9.6
855,Adolph,Hacket,ahacketnq@qq.com,Male,162.74.46.4,0.68
856,Regan,Grayley,rgrayleynr@theglobeandmail.com,Female,245.32.255.99,3.2.7
857,Ashby,Castangia,acastangians@sfgate.com,Male,91.123.55.92,8.21
858,Linus,Balaison,lbalaisonnt@uiuc.edu,Male,180.120.237.85,8.0
859,Edgard,Wandrack,ewandracknu@dot.gov,Male,82.184.209.199,0.3.9
860,Marisa,Gulk,mgulknv@soup.io,Female,148.197.67.158,8.54
861,Von,Corcut,vcorcutnw@statcounter.com,Male,166.124.31.121,6.6
862,Aube,Lemmanbie,alemmanbienx@sbwire.com,Male,185.44.20.47,0.53
863,Micheline,Renachowski,mrenachowskiny@geocities.com,Female,7.101.21.70,0.71
864,Rufe,Mate,rmatenz@mit.edu,Male,10.114.205.1,4.26
865,Ricardo,Fausset,rfausseto0@google.it,Male,146.143.54.215,0.56
866,Nicolai,Rape,nrapeo1@live.com,Male,176.71.19.131,6.7
867,Beitris,Degoy,bdegoyo2@yolasite.com,Female,208.138.42.178,0.7.0
868,Rubetta,Frayn,rfrayno3@joomla.org,Female,230.48.59.206,8.3
869,Hansiain,Woffinden,hwoffindeno4@newsvine.com,Male,205.145.186.126,0.75
870,Mycah,Dollard,mdollardo5@privacy.gov.au,Male,93.246.37.153,0.74
871,Kristopher,Pitkeathley,kpitkeathleyo6@ed.gov,Male,237.226.11.31,0.7.7
872,Gaultiero,Crut,gcruto7@youku.com,Male,54.34.172.100,0.18
873,Enrika,Davydoch,edavydocho8@sina.com.cn,Female,191.64.237.177,2.7.3
874,Kara-lynn,Enser,kensero9@artisteer.com,Female,44.200.236.68,0.2.0
875,Neall,Stanwix,nstanwixoa@indiatimes.com,Male,8.206.183.10,0.2.9
876,Weylin,Alvarez,walvarezob@youtu.be,Male,86.136.232.192,2.2.9
877,Sayre,Callendar,scallendaroc@mlb.com,Female,46.52.119.160,8.68
878,Kenna,Canedo,kcanedood@sciencedirect.com,Female,16.40.26.58,6.22
879,Garth,Grevatt,ggrevattoe@google.cn,Male,164.185.155.176,0.89
880,Bradly,Barti,bbartiof@abc.net.au,Male,169.126.112.202,4.85
881,Gilemette,Kelling,gkellingog@booking.com,Female,87.194.8.137,0.1.2
882,Kare,Jandl,kjandloh@sbwire.com,Female,34.111.53.155,0.31
883,Idalia,Rosser,irosseroi@1688.com,Female,219.87.218.243,7.5.5
884,Patton,Woodthorpe,pwoodthorpeoj@studiopress.com,Male,190.59.129.107,0.15
885,Vanya,Gaine,vgaineok@vinaora.com,Male,234.228.87.7,0.15
886,Avictor,Casoni,acasoniol@accuweather.com,Male,40.171.175.6,0.77
887,Ray,Woltman,rwoltmanom@posterous.com,Male,93.25.78.79,1.76
888,Reinhard,Corbally,rcorballyon@latimes.com,Male,213.95.42.130,0.5.6
889,Adore,Harrod,aharrodoo@hugedomains.com,Female,146.110.91.215,0.95
890,Iver,Brimming,ibrimmingop@bandcamp.com,Male,31.48.126.203,0.22
891,Sapphire,O'Lennane,solennaneoq@etsy.com,Female,238.145.23.108,0.6.8
892,Gabriele,Brotherheed,gbrotherheedor@themeforest.net,Male,40.233.103.90,1.7.6
893,Gibby,Clevely,gclevelyos@wikimedia.org,Male,200.136.19.247,0.7.9
894,Jordon,Penzer,jpenzerot@pen.io,Male,42.59.178.107,0.70
895,Barrie,Helleker,bhellekerou@usatoday.com,Female,127.236.5.201,4.6
896,Hieronymus,Bingall,hbingallov@paginegialle.it,Male,134.202.166.18,2.8.4
897,Pier,Shieber,pshieberow@washingtonpost.com,Female,94.76.70.213,7.49
898,Porter,Bixley,pbixleyox@usgs.gov,Male,105.127.42.170,7.46
899,Rosemaria,MacColm,rmaccolmoy@washington.edu,Female,242.129.29.39,0.55
900,Joella,Rickertsen,jrickertsenoz@auda.org.au,Female,82.51.100.153,6.6.9
901,Boony,Gaynesford,bgaynesfordp0@artisteer.com,Male,44.232.229.34,1.5.5
902,Almire,Jeannenet,ajeannenetp1@globo.com,Female,35.52.69.22,0.87
903,Devy,Wheatman,dwheatmanp2@xinhuanet.com,Male,246.130.56.190,1.7
904,Kincaid,Menat,kmenatp3@census.gov,Male,194.156.117.246,4.0.0
905,Melisandra,Lathleiff,mlathleiffp4@biglobe.ne.jp,Female,69.7.237.213,3.4.1
906,Wallis,Heaysman,wheaysmanp5@wikipedia.org,Female,244.121.103.45,0.7.4
907,Noelyn,Fallens,nfallensp6@independent.co.uk,Female,212.253.232.9,0.69
908,Nert,Jacobowicz,njacobowiczp7@mediafire.com,Female,58.172.215.192,9.0.7
909,Tammie,Bastian,tbastianp8@reference.com,Female,22.213.52.92,8.1.5
910,Elmer,Szimon,eszimonp9@ycombinator.com,Male,87.138.31.74,9.38
911,Nikki,Punter,npunterpa@typepad.com,Female,17.0.201.122,0.15
912,Charlean,Speedy,cspeedypb@dagondesign.com,Female,65.100.247.65,8.2
913,Yurik,Wattisham,ywattishampc@vimeo.com,Male,113.18.131.199,0.18
914,Roseanna,Stote,rstotepd@4shared.com,Female,87.179.92.219,4.6
915,Worthington,Pickston,wpickstonpe@seesaa.net,Male,83.254.225.66,3.12
916,Doroteya,Fredson,dfredsonpf@vistaprint.com,Female,139.9.40.211,2.4.3
917,Emmy,Farfolomeev,efarfolomeevpg@163.com,Female,93.230.105.110,4.39
918,Tremayne,Ciccarello,tciccarelloph@theatlantic.com,Male,253.85.108.243,5.3.5
919,Kirstin,Rentalll,krentalllpi@examiner.com,Female,225.162.49.18,0.1.6
920,Aleen,Baynom,abaynompj@multiply.com,Female,59.237.95.214,0.1.7
921,Rochette,Rubee,rrubeepk@weebly.com,Female,206.76.19.182,0.22
922,Loni,Risebrow,lrisebrowpl@macromedia.com,Female,25.173.91.149,8.7.1
923,Reinold,Phinnis,rphinnispm@thetimes.co.uk,Male,91.54.117.77,0.40
924,Panchito,Pressnell,ppressnellpn@nbcnews.com,Male,233.19.177.211,5.5
925,Bogey,Jerdein,bjerdeinpo@lycos.com,Male,248.132.124.48,0.19
926,Elissa,Cluet,ecluetpp@weebly.com,Female,246.191.199.154,0.51
927,Kiah,Champerlen,kchamperlenpq@sitemeter.com,Female,65.155.211.36,0.3.4
928,Cornie,Benoiton,cbenoitonpr@cdc.gov,Male,255.228.152.179,0.78
929,Frederik,Sandford,fsandfordps@noaa.gov,Male,234.202.1.198,9.8.5
930,Beverly,Majury,bmajurypt@dmoz.org,Female,113.94.163.234,6.89
931,Seamus,Addison,saddisonpu@instagram.com,Male,19.61.111.37,0.3.4
932,Kingston,Aumerle,kaumerlepv@theglobeandmail.com,Male,50.96.45.18,6.9.5
933,Ewell,Townsend,etownsendpw@odnoklassniki.ru,Male,181.236.35.122,0.7.3
934,Orren,Myring,omyringpx@webs.com,Male,156.13.23.96,7.07
935,Derrick,Jardein,djardeinpy@ycombinator.com,Male,158.198.241.60,3.0
936,Winnifred,Prinnett,wprinnettpz@wiley.com,Female,180.115.62.220,2.5
937,Darb,Ratledge,dratledgeq0@bloglovin.com,Male,72.129.87.147,2.4
938,Gus,Freiburger,gfreiburgerq1@so-net.ne.jp,Male,248.13.173.203,9.1
939,Bev,McCambridge,bmccambridgeq2@gnu.org,Male,174.181.174.153,0.8.1
940,Emanuele,Yearnes,eyearnesq3@unc.edu,Male,18.17.88.155,1.6.2
941,Dyana,Barthrop,dbarthropq4@i2i.jp,Female,45.255.91.54,4.0.4
942,Tresa,Spencelayh,tspencelayhq5@hibu.com,Female,131.126.87.212,0.8.0
943,Carolina,Taveriner,ctaverinerq6@example.com,Female,132.156.243.154,6.06
944,Julius,Pughsley,jpughsleyq7@wikimedia.org,Male,232.222.238.8,0.35
945,Ester,McFee,emcfeeq8@goodreads.com,Female,185.109.26.42,0.52
946,Dori,Lytell,dlytellq9@yale.edu,Female,102.127.131.99,0.56
947,Rochell,Diss,rdissqa@springer.com,Female,85.109.38.187,0.3.8
948,Paula,Norwich,pnorwichqb@nymag.com,Female,250.231.161.116,7.4
949,Bert,Corsar,bcorsarqc@cornell.edu,Male,245.169.119.97,3.7
950,George,Kraut,gkrautqd@ovh.net,Female,115.124.205.177,8.3
951,Leontine,Jarvis,ljarvisqe@nba.com,Female,230.157.147.93,2.34
952,Sabine,Minchell,sminchellqf@reverbnation.com,Female,160.149.119.166,9.1
953,Henka,Veighey,hveigheyqg@bing.com,Female,247.106.188.162,0.26
954,Cindie,Yaknov,cyaknovqh@gizmodo.com,Female,191.220.31.76,0.65
955,Gizela,Bouette,gbouetteqi@biglobe.ne.jp,Female,92.254.216.158,0.3.3
956,Lethia,Lucken,lluckenqj@washington.edu,Female,105.250.209.28,4.42
957,Sianna,Molines,smolinesqk@latimes.com,Female,162.219.93.158,0.28
958,Krishnah,Giraudou,kgiraudouql@weather.com,Male,16.103.225.65,0.3.5
959,Bron,Blakely,bblakelyqm@psu.edu,Male,141.99.208.124,0.8.0
960,Marcie,Darracott,mdarracottqn@dedecms.com,Female,251.52.129.137,9.5
961,Dougie,Jacobi,djacobiqo@desdev.cn,Male,236.185.237.81,6.2.9
962,Rubina,Sate,rsateqp@sakura.ne.jp,Female,174.4.132.254,5.0
963,Alwin,Molson,amolsonqq@amazon.co.uk,Male,29.84.224.117,5.17
964,Damara,Shugg,dshuggqr@toplist.cz,Female,143.56.25.95,6.84
965,Charlton,Doey,cdoeyqs@stanford.edu,Male,88.237.62.241,9.1
966,Antin,Osgarby,aosgarbyqt@loc.gov,Male,150.94.145.175,5.1.2
967,Panchito,Flux,pfluxqu@homestead.com,Male,233.76.175.29,5.86
968,Jessalin,Hyndley,jhyndleyqv@theatlantic.com,Female,209.175.41.156,2.4
969,Kiel,Whitington,kwhitingtonqw@npr.org,Male,107.72.193.56,6.91
970,Angy,Sweedy,asweedyqx@gov.uk,Female,188.153.161.80,5.0.9
971,Sawyer,Findon,sfindonqy@whitehouse.gov,Male,20.165.126.149,7.3.4
972,Keary,Grube,kgrubeqz@digg.com,Male,169.94.208.14,9.6
973,Aidan,Vellender,avellenderr0@feedburner.com,Female,195.97.70.194,8.7.0
974,Sissie,Brayne,sbrayner1@cornell.edu,Female,158.212.168.177,6.65
975,Coleen,Antonowicz,cantonowiczr2@mediafire.com,Female,172.195.90.187,0.15
976,Archer,Vaugham,avaughamr3@blogspot.com,Male,201.64.163.148,0.2.0
977,Griffy,Lowndsbrough,glowndsbroughr4@indiatimes.com,Male,72.78.185.167,4.0.1
978,Obadias,Skase,oskaser5@is.gd,Male,223.65.121.232,0.55
979,Evanne,Bjorkan,ebjorkanr6@usnews.com,Female,92.170.121.21,6.86
980,Kym,Crinkley,kcrinkleyr7@macromedia.com,Female,24.182.12.204,0.86
981,Douglass,Jenney,djenneyr8@hc360.com,Male,22.121.163.168,6.30
982,Ode,Rubes,orubesr9@sakura.ne.jp,Male,151.240.117.158,0.25
983,Larina,Beattie,lbeattiera@jigsy.com,Female,75.60.93.140,5.43
984,Pace,Dhennin,pdhenninrb@cocolog-nifty.com,Male,206.186.68.48,6.59
985,Courtnay,Nutkins,cnutkinsrc@mapquest.com,Female,237.151.229.175,1.9.4
986,Hyacinthe,Prudham,hprudhamrd@dion.ne.jp,Female,18.9.225.100,8.2
987,Marco,Annesley,mannesleyre@weibo.com,Male,216.181.102.219,6.50
988,Rubi,Capponer,rcapponerrf@twitpic.com,Female,22.7.139.181,4.43
989,Martelle,Jeromson,mjeromsonrg@theguardian.com,Female,90.100.252.109,5.5.0
990,Dalenna,Filyukov,dfilyukovrh@histats.com,Female,80.24.156.187,0.4.5
991,Mei,Cuberley,mcuberleyri@bandcamp.com,Female,239.47.203.53,2.8.5
992,Joe,Dietsche,jdietscherj@fotki.com,Male,243.90.163.6,0.1.6
993,Salomo,Showte,sshowterk@networksolutions.com,Male,32.136.6.155,6.5.8
994,Dore,Lyngsted,dlyngstedrl@cbslocal.com,Female,188.83.168.69,0.99
995,Valentijn,Giordano,vgiordanorm@hubpages.com,Male,68.22.39.120,0.2.8
996,Guthry,Devigne,gdevignern@google.com.hk,Male,173.136.98.172,0.55
997,Claude,Lowndsborough,clowndsboroughro@unesco.org,Female,197.232.236.127,6.77
998,Roshelle,Le Marchand,rlemarchandrp@netvibes.com,Female,36.216.7.127,7.2.8
999,Moore,Challice,mchallicerq@weebly.com,Male,136.115.191.66,0.81
1000,Jim,Angelo,jangelorr@cnbc.com,Male,102.111.19.124,1.4.2
